Administration_Key,Administration Dosages (mg/kg)
1,1.35e-09
2,0.15
3,0.25
4,0.3
5,1.0
6,1.2
7,1.4666999999999986
8,1.4826999999999984
9,1.6
10,1.62
11,1.64
12,1.73
13,2.2888000000000024
14,2.4
15,2.4298999999999977
16,2.478400000000004
17,3.36
18,3.75
19,4.0
20,4.1
21,4.5
22,4.51
23,4.88
24,5.0
25,5.91
26,7.2
27,7.97
28,8.0
29,9.0
30,9.6
31,10.0
32,11.0
33,12.0
34,12.05
35,12.34
36,16.62
37,20.0
38,40.0
39,50.0
40,63.0
41,85.0
42,180.0
